<?xml version="1.0" encoding="UTF-8" standalone="yes"?>
<boardInfo>
    <name>move 2</name>
    <rowsCount>9</rowsCount>
    <colsCount>9</colsCount>
    <rows>
        <row>0 0 1 1 1 1 0 0 0</row>
        <row>0 1 0 0 0 1 0 0 0</row>
        <row>0 0 0 0 0 1 0 0 0</row>
        <row>0 1 0 0 1 0 0 0 0</row>
        <row>0 0 0 0 0 0 0 0 0</row>
        <row>0 0 0 0 0 0 0 0 0</row>
        <row>0 0 0 0 0 0 0 0 0</row>
        <row>0 0 0 0 0 0 0 0 0</row>
        <row>0 0 0 0 0 0 0 0 0</row>
    </rows>
</boardInfo>
